State,City,Street,Zipcode,Bedroom,Bathroom,Area,PPSq,LotArea,Latitude,Longitude,ListedPriceAZ,Phoenix,N Dayton St,85006,2,2,1855,256.06469,0.145087236,33.071648,-111.454926,475000AZ,Phoenix,W Lynwood St,85007,2,3,2423,531.9851424,0.98,34.590916,-112.44415,1289000AZ,Phoenix,W Virginia Ave,85009,4,2,1706,199.2960141,0.28,32.194954,-110.87046,339999AZ,Phoenix,E Tuckey Ln,85012,4,3,2827,256.4556067,0.175,33.448963,-111.67128,725000AZ,Phoenix,W Roma Ave,85013,1,1,704,383.5227273,0.67,34.731953,-111.995346,270000AZ,Phoenix,N 13th Pl,85014,3,2,1454,299.1059147,0.108080808,33.850014,-112.09675,434900AZ,Phoenix,E Ocotillo Rd,85014,6,6,6429,699.9533364,0.471166208,35.15945,-111.63412,4500000AZ,Phoenix,N Longview Ave,85014,5,2,2040,188.7254902,0.099977043,33.397583,-111.752014,385000AZ,Phoenix,N Longview Ave,85014,2,2,1120,302.6785714,0.23,34.516693,-114.2995,339000AZ,Phoenix,N 10th Way,85014,5,3,3058,359.7122302,0.29,34.49078,-114.342155,1100000AZ,Phoenix,W Whitton Ave,85015,4,2,2260,210.1769912,0.17,32.377716,-111.12587,475000AZ,Phoenix,E Weldon Ave,85016,4,5,4518,265.6042497,0.94,32.320312,-110.94595,1200000AZ,Phoenix,W Solano Dr S,85017,2,3,1612,325.6823821,1.03,32.28271,-110.88861,525000AZ,Phoenix,N 28th Ave,85017,3,3,2651,296.1146737,0.78,32.291454,-110.840675,785000AZ,Phoenix,N 32nd Way,85018,3,2,1370,400.729927,0.2,32.217514,-110.954384,549000AZ,Phoenix,N 34th St,85018,4,3,2391,292.3462986,1,32.283592,-111.0757,699000AZ,Phoenix,W Berridge Ln,85019,2,2,1455,184.8797251,0.26,31.878593,-110.988235,269000AZ,Phoenix,N 2nd St,85020,2,2,1554,211.7117117,0.13,31.875372,-110.99967,329000AZ,Phoenix,N 4th Pl,85020,2,2,2016,247.0238095,0.17,32.53015,-110.86592,498000AZ,Phoenix,E Northern Ave,85020,3,3,1479,211.5618661,0.04,32.146755,-110.76594,312900AZ,Phoenix,E Golden Ln,85020,3,3,2386,167.6445935,0.14,32.06229,-110.72677,400000AZ,Phoenix,N 23rd Pl,85020,4,3,2575,155.1456311,0.14,31.958105,-110.77518,399500AZ,Phoenix,N 3rd Dr,85021,5,3,2903,163.6238374,2.75E-06,32.085297,-110.749886,475000AZ,Phoenix,E Friess Dr,85022,3,2,1659,250.1506932,0.27,32.23803,-110.8064,415000AZ,Phoenix,E Greenway Rd,85022,3,2,1046,229.4455067,0.19,32.132957,-111.12572,240000AZ,Phoenix,N 12th St,85022,3,3,2675,171.9626168,0.23,32.108425,-110.694954,460000AZ,Phoenix,N 14th Ave,85023,4,2,2320,202.5431034,0.19,32.434338,-111.2174,469900AZ,Phoenix,N 15th Pl,85024,3,2,1224,220.5882353,0.26,32.152058,-110.90399,270000AZ,Phoenix,W Topeka Dr,85027,3,2,1063,206.0206961,0.192745638,31.56351,-110.30145,219000AZ,Phoenix,N 15th Dr,85027,3,2,1008,347.1230159,0.103236915,33.479965,-112.18014,349900AZ,Phoenix,W Via Del Sol Dr,85027,5,2,3271,547.0804035,0.38859045,33.491104,-112.0202,1789500AZ,Phoenix,N 25th St,85028,4,2,2245,438.7082405,0.267653811,33.461422,-111.9204,984900AZ,Phoenix,E Sunnyside Dr,85028,4,2,1647,434.1226472,0.118089991,33.473553,-111.892525,715000AZ,Phoenix,W Shaw Butte Dr,85029,4,2,1540,233.7662338,0.15130854,33.521294,-112.12231,360000AZ,Phoenix,N 25th Ln,85029,5,3.5,3082,389.3251136,0.325091827,33.538563,-112.07063,1199900AZ,Phoenix,E Presidio Rd,85032,3,2,1822,233.2601537,0.169191919,33.609367,-112.00678,425000AZ,Phoenix,E Wagoner Rd,85032,3,2,2047,439.6678065,0.23023416,33.579315,-111.89256,900000AZ,Phoenix,N 82nd Ave,85033,3,2,2077,421.2806933,0.302502296,33.61198,-111.73805,875000AZ,Phoenix,W La Reata Ave,85035,2,2,1827,175.15052,0.227915519,33.6578,-112.28296,320000AZ,Phoenix,W Montecito Ave,85037,3,2,1572,263.9949109,0.218089991,33.61471,-112.11784,415000AZ,Phoenix,E Pueblo Ave,85040,5,2,2129,227.8064819,0.183700643,33.659603,-112.10166,485000AZ,Phoenix,S 46th St,85040,4,3,3644,439.0776619,0.747291093,33.81941,-111.94823,1599999AZ,Phoenix,S 16th Dr,85041,4,2,2011,347.5882645,1.1558,33.613564,-112.06189,699000AZ,Phoenix,S 30th Gln,85041,3,3.5,4288,699.6268657,0.733930211,33.72451,-111.885826,3000000AZ,Phoenix,E Beth Dr,85042,3,2,2041,477.7070064,0.150803489,33.57214,-111.83298,975000AZ,Phoenix,S 79th Dr,85043,4,2.5,2083,435.9097456,0.070247934,33.587467,-111.88932,908000AZ,Phoenix,E Ahwatukee Dr,85044,4,1.75,1620,253.0864198,0.169880624,33.403294,-111.67821,410000AZ,Phoenix,S Half Moon Dr,85044,2,2.5,1836,626.3616558,0.168503214,33.842525,-111.86422,1150000AZ,Phoenix,S Reserve Dr,85045,2,1.75,1712,204.4392523,0.208907254,33.658924,-112.34659,350000AZ,Phoenix,S 6th Ave,85045,2,1.75,1302,318.7403994,0.433884298,33.674164,-112.3372,415000AZ,Phoenix,E Silverwood Dr,85048,3,2,1482,327.2604588,0.161294766,33.30071,-111.826454,485000AZ,Phoenix,S Mountain Stone Trl,85048,3,2.5,3166,221.0991788,0.176606979,33.230087,-111.88134,700000AZ,Phoenix,S 11th Way,85048,4,2.5,2030,221.6256158,0.124655647,33.630703,-112.40694,449900AZ,Phoenix,E Cat Balue Dr,85050,3,2,1510,993.3774834,3.48,33.2349,-111.57511,1500000AZ,Phoenix,E Renee Dr,85050,2,2,1540,324.025974,0.185055096,33.35956,-111.45754,499000AZ,Phoenix,N 27th Dr,85053,3,2.5,1982,272.4520686,0.105716253,33.735016,-112.114655,540000AZ,Phoenix,W Big Oak St,85085,3,2,2128,399.4360902,0.164302112,33.78715,-111.92506,850000AZ,Phoenix,N 25th Dr,85085,5,3,2549,205.9238917,0.15094123,33.427547,-112.43372,524900AZ,Anthem,W Owens Way,85086,5,3.5,3454,202.6635785,0.195615243,33.486645,-112.37141,700000AZ,Anthem,W Wayne Ln,85086,3,2.5,1886,217.3907741,0.075757576,33.378056,-111.65103,409999AZ,Phoenix,W Joy Ranch Rd,85086,4,2.75,3233,293.8447263,0.247933884,33.298565,-112.12278,950000AZ,Phoenix,W Tanya Trl,85086,4,2,1520,256.5131579,0.11365932,33.393604,-112.09288,389900AZ,Anthem,W Turtle Hill Dr,85086,4,2,1519,243.5813035,0.135651974,33.499386,-112.32495,370000AZ,Anthem,W Haley Dr,85086,5,3.5,3701,171.5752499,0.180555556,33.693184,-112.31862,635000AZ,Gold Canyon,S Mashie Ct,85118,5,2.5,2687,189.4305917,0.126721763,33.568043,-112.4522,509000AZ,Gold Canyon,E Massai Point,85118,5,3,2423,198.101527,0.11365932,33.42677,-112.27789,480000AZ,Gold Canyon,E Las Mananitas Dr,85118,4,2.5,2654,205.3504145,0.14520202,33.49578,-112.396576,545000AZ,Apache Junction,N Muleshoe Rd,85119,4,2.25,2043,178.658835,0.19469697,33.49561,-112.11985,365000AZ,Apache Junction,S Saguaro Dr,85120,4,2.5,2306,227.6669558,0.213039486,33.575817,-112.449036,525000AZ,Apache Junction,S Palo Verde Dr,85120,3,2,2323,257.8562204,0.235146924,33.67341,-112.63037,599000AZ,Casa Grande,E Linda Dr,85122,4,4,4152,150.5298651,0.383838384,33.033493,-112.0428,625000AZ,Casa Grande,E Jaycie Dr,85122,3,2,1812,358.7196468,0.261294766,33.29835,-112.03221,650000AZ,Casa Grande,E Jaycie Dr,85122,4,3,2614,170.3136955,0.155211203,33.43018,-112.56237,445200AZ,Casa Grande,E Jaycie Dr,85122,4,2.5,2251,385.8285207,5.34,35.400185,-112.16676,868500AZ,Casa Grande,E Jaycie Dr,85122,3,3.5,3097,370.5198579,0.277502296,33.50401,-112.50308,1147500AZ,Casa Grande,E Viola St,85122,3,2,1578,316.2230672,0.122796143,33.56486,-112.27933,499000AZ,Florence,N Presidio Dr,85132,2,2,1660,286.1445783,0.115863177,33.241726,-111.58238,475000AZ,Florence,E Aster Ln,85132,3,2,1780,269.6067416,0.166023875,33.21396,-111.57169,479900AZ,Florence,W Sandpiper Way,85132,4,2,2580,232.5581395,0.505601469,34.389248,-111.45537,600000AZ,Florence,E Marigold Ln,85132,3,2,1002,244.510978,0.114738292,33.396057,-110.7806,245000AZ,Florence,W Victory Way,85132,4,2,1540,324.025974,0.175688705,33.47679,-112.05992,499000AZ,Maricopa,N Palo Rojo Rd,85138,3,3,2501,499.80008,0.171671258,33.563435,-111.92014,1250000AZ,Maricopa,W Mallard Rd,85138,4,3,2756,798.2583454,0.811662075,33.59925,-111.9064,2200000AZ,Maricopa,N Ventana Ln,85138,3,2,2436,359.1954023,0.283310376,33.601654,-111.72924,875000AZ,Maricopa,W Almira Ct,85138,4,2,2310,238.0519481,0.201584022,33.63273,-112.24758,549900AZ,Maricopa,W Santa Fe St,85138,3,2.5,1511,264.6591661,0.10530303,33.702038,-112.13972,399900AZ,Maricopa,N Karsten Dr,85138,7,3,2232,353.6738351,0.333746556,33.64685,-112.09028,789400AZ,Maricopa,W Zion Rd,85139,5,3.5,3414,527.2407733,1.4665,33.765,-111.89169,1800000AZ,Maricopa,W Alamendras St,85139,4,2,2080,297.5961538,0.23292011,33.69241,-112.21859,619000AZ,Queen Creek,N Kennedy Dr,85140,3,2,2123,259.0673575,0.203191001,33.225597,-111.84902,550000AZ,Queen Creek,N Kaden Ct,85140,3,2,1300,288.4615385,0.101010101,33.412838,-111.59596,375000AZ,San Tan Valley,N Bristlecone Dr,85140,3,2,2001,299.850075,1.0239,33.488808,-112.48122,600000AZ,San Tan Valley,W Tallow Tree Ave,85140,4,3,3038,217.2481896,0.165289256,33.74739,-112.2097,660000AZ,San Tan Valley,E Andalusian Loop,85140,4,3.5,2792,626.4326648,0.207759412,33.645287,-111.8691,1749000AZ,San Tan Valley,E Baker Dr,85140,4,3.5,2938,408.4411164,0.525688705,33.364815,-112.04591,1200000AZ,San Tan Valley,E Bradstock Way,85140,4,3.5,3411,583.4066256,0.291391185,33.70667,-111.92144,1990000AZ,San Tan Valley,Weston Ln,85140,4,3,2118,311.5675165,0.143526171,33.764965,-112.11341,659900AZ,San Tan Valley,E Inca Ln,85140,4,2,2088,246.6475096,0.154958678,33.513382,-112.26263,515000AZ,Queen Creek,E Via Del Palo,85142,4,2,1840,225.5434783,0.123966942,33.394318,-112.124115,415000AZ,Queen Creek,E Mockingbird Dr,85142,4,3,3243,354.5790934,0.232438017,33.222008,-111.80286,1149900AZ,San Tan Valley,W Phillips Rd,85142,3,2,1401,289.0792291,0.154706152,33.518612,-112.48036,405000AZ,Queen Creek,E Marsh Rd,85142,4,3,2324,300.7745267,1.75,34.29403,-110.176636,699000AZ,Queen Creek,E Escalante Rd,85142,3,2,1664,306.4903846,0.17,32.216904,-111.0376,510000AZ,Queen Creek,E Maya Rd,85142,4,3,2850,154.9122807,0.13,31.988365,-110.97995,441500AZ,Queen creek,W Angus Rd,85143,4,3,2397,179.5994994,0.13,31.965727,-110.98721,430500AZ,San Tan Valley,N Coral Bean Dr,85143,2,2,1867,261.9175147,0.22,31.806698,-111.02562,489000AZ,San Tan Valley,N Caspian Way,85143,3,2,1701,405.0558495,0.4,34.47389,-114.26506,689000AZ,San Tan Valley,E Pineapple Rd,85143,4,3,2031,219.1038897,0.27,34.711536,-112.005745,445000AZ,San Tan Valley,E Mill Reef Dr,85143,2,2,1781,289.1633914,0.11,34.591213,-112.437126,515000AZ,Casa Grande,N San Ricardo Ct,85194,3,2,2081,312.301778,0.382231405,34.947636,-111.64848,649900AZ,Mesa,W University Dr,85201,3,2,2118,330.0283286,0.5,34.748478,-112.00463,699000AZ,Mesa,W Kiowa Cir,85202,6,4,2843,422.0541681,0.51,34.47979,-114.29006,1199900AZ,Mesa,E Kramer St,85203,3,2,2041,188.633023,0.16,32.063164,-110.70426,385000AZ,Mesa,S Val Vista Dr UNIT 15,85204,6,3,3883,83.69817152,0.142033976,33.407936,-112.042816,325000AZ,Mesa,N Higley Rd UNIT 16,85205,4,7,7052,765.7402155,1.1868,33.622505,-111.7699,5400000AZ,Mesa,E Elena Ave,85206,3,3,1794,386.9565217,1.05,34.22923,-110.035286,694200AZ,Mesa,N Avery Cir,85207,3,2,1490,221.4765101,0.14,32.230038,-110.89825,330000AZ,Mesa,E Trailridge Cir,85207,3,2,2839,146.1782318,1,34.28684,-110.11174,415000AZ,Mesa,E Quill St,85207,4,2,2722,293.901543,0.255004591,33.529926,-112.05212,800000AZ,Mesa,S Essex Ln,85208,3,2,2007,423.4678625,0.164003673,33.62519,-111.88431,849900AZ,Mesa,E Arcadia Ave,85208,4,2,1877,212.5732552,0.161799816,32.629612,-114.37691,399000AZ,Mesa,S 72nd St,85208,3,3,1800,244.4444444,0.174242424,32.63597,-114.37674,440000AZ,Mesa,S Luther,85209,3,2,1110,252.2522523,0.153351699,32.67806,-114.65254,280000AZ,Mesa,E Jan Cir,85209,4,4,2981,402.54948,0.25879247,33.85822,-112.10148,1200000AZ,Mesa,S Terripin Cir,85209,3,2.5,1350,296.2222222,0.210009183,34.592148,-112.321434,399900AZ,Mesa,E 7th Ave,85210,4,3,3209,288.2517918,0.286707989,33.55144,-112.06824,925000AZ,Mesa,E Supernova Dr,85212,3,2,1536,269.5703125,0.109274564,33.323486,-111.564705,414060AZ,Mesa,S 101st Way,85212,5,3,2780,219.4244604,0.12943067,33.318844,-111.72774,610000AZ,Mesa,S Oxley,85212,3,2,1558,262.3106547,0.109274564,33.323128,-111.567024,408680AZ,Mesa,S Veneto,85212,3,2.5,2006,233.7986042,0.275482094,33.654556,-112.2512,469000AZ,Mesa,E Unity Ave,85212,3,2,1930,272.0207254,0.14,34.55461,-112.24062,525000AZ,Mesa,E Northridge Cir,85215,3,2,1550,200,0.53,31.52082,-110.99875,310000AZ,Mesa,E Minton Pl,85215,3,3.5,1820,346.1538462,0.03030303,33.445976,-111.93072,630000AZ,Chandler,W Palo Verde Dr,85224,3,2,1888,225.1059322,0.160192837,33.393864,-111.67646,425000AZ,Chandler,W Palomino Dr,85224,4,4.5,3409,410.3842769,1.1008,33.829777,-112.09097,1399000AZ,Chandler,N Chippewa Pl,85224,4,2.5,2275,325.2703297,0.155945822,33.31978,-111.764114,739990AZ,Chandler,S Kingston St,85225,3,2,1991,276.2425917,0.177410468,33.345856,-111.86261,549999AZ,Chandler,W Folley St,85225,4,2,1860,201.0698925,0.164164371,32.937656,-111.725716,373990AZ,Chandler,S Danyell Dr,85225,3,2,1249,344.2754203,0.160996327,33.339924,-111.8646,430000AZ,Chandler,W Sundance Way,85225,3,2,2545,182.7111984,0.180945822,31.532938,-110.26487,465000AZ,Chandler,N Meadowlark Ln,85226,3,2.5,2313,453.5235625,0.125688705,33.291054,-111.733284,1049000AZ,Chandler,W Dublin St,85226,3,2,1334,311.0944528,0.16838843,33.59577,-112.10863,415000AZ,Chandler,W Jupiter Way N,85226,3,2,1670,227.5449102,0.126721763,33.59231,-112.38084,380000AZ,Gilbert,S Oak Ct,85233,4,2.5,3144,184.4767812,0.200918274,33.26226,-111.57066,579995AZ,Gilbert,E Sagebrush St,85233,4,3,3817,314.1210375,0.59,34.45725,-114.31655,1199000AZ,Sun Lakes,E Diamond Dr,85248,4,4.5,3516,483.5039818,1.2386,33.76963,-111.892975,1700000AZ,Chandler,W Champagne Dr,85248,5,2.5,2655,352.165725,0.371671258,33.613144,-111.95715,935000AZ,Sun Lakes,S Cloverland Dr,85248,5,4.5,4460,493.2735426,1.2596,33.80849,-111.95851,2200000AZ,Sun Lakes,E Regal Dr,85248,3,1,1348,289.3175074,0.165610652,33.575325,-112.161644,390000AZ,Chandler,W Honeysuckle Ln,85248,4,3,2817,312.3887114,0.417814509,33.687134,-112.242744,879999AZ,Chandler,S Thistle Dr,85248,3,2,1190,273.1092437,0.118801653,33.62232,-112.38353,325000AZ,Sun Lakes,S Eastlake Dr,85248,4,3,2385,502.7253669,0.167906336,33.493008,-112.01142,1199000AZ,Chandler,E Aquarius Pl,85249,4,3.5,3747,393.6482519,1.303,33.83899,-112.13298,1475000AZ,Chandler,E Sagittarius Ct,85249,1,1,1104,249.0942029,0.998025712,34.42246,-110.54745,275000AZ,Chandler,E Victoria St,85249,3,2,1056,132.5757576,0.164141414,32.678486,-114.63007,140000AZ,Scottsdale,N 77th Pl,85251,5,4.5,4704,637.7444728,0.471395776,33.708584,-111.83339,2999950AZ,Paradise Valley,E Rovey Ave,85253,4,2,1938,257.4819401,0.165541781,33.584312,-112.164696,499000AZ,Paradise Valley,E Caron Cir,85253,3,2.5,1832,393.0076419,0.088544536,33.644302,-111.96971,719990AZ,Scottsdale,N 57th Way,85254,2,2,1765,243.0594901,0.215679522,33.634087,-112.293335,429000AZ,Scottsdale,E Helena Dr,85254,4,3,2049,213.7579307,0.113636364,33.7122,-112.37281,437990AZ,Scottsdale,E Campo Bello Dr,85254,5,3,2426,185.4905194,0.165197429,33.49029,-112.28379,450000AZ,Scottsdale,N 51st St,85254,3,2,1501,233.1778814,0.215587695,33.659363,-112.09221,350000AZ,Scottsdale,E Sheena Dr,85254,3,2.5,1893,224.5113576,0.103305785,33.237823,-111.60699,425000AZ,Scottsdale,E Winchcomb Dr,85254,4,2,1832,230.8351528,0.113636364,33.7122,-112.37266,422890AZ,Scottsdale,N 64th St,85254,4,3.5,3022,248.1469226,0.262213039,33.51188,-112.37109,749900AZ,Scottsdale,E Happy Valley Rd UNIT 401,85255,5,2.5,3334,254.9490102,0.243089991,33.33344,-112.00019,850000AZ,Scottsdale,N 98th Way,85255,4,2,1200,233.3333333,0.217860422,33.6347,-112.33314,280000AZ,Scottsdale,N 73rd St,85255,4,4.5,3457,267.5701475,0.263980716,33.33524,-111.61785,924990AZ,Scottsdale,E Juan Tabo Rd,85255,3,2,1346,291.9687964,0.103305785,33.714703,-112.40496,392990AZ,Scottsdale,E Rita Dr,85255,4,3,3580,259.4972067,0.38,34.250565,-111.33664,929000AZ,Scottsdale,E San Fernando Dr,85255,3,3,1663,399.8797354,0.07,35.1844,-111.68537,665000AZ,Scottsdale,N 83rd Pl,85255,4,3,2955,287.6446701,1.141,33.482315,-112.47477,849990AZ,Scottsdale,E Moreland St,85257,5,2.5,2424,204.2079208,0.148966942,33.04272,-112.05287,495000AZ,Scottsdale,N 87th Way,85257,3,2,1560,279.7884615,0.103305785,33.7136,-112.40345,436470AZ,Scottsdale,E Oak St,85257,2,2,2137,256.2938699,0.22187787,33.65299,-112.38994,547700AZ,Scottsdale,E Mustang Trl,85258,4,4.5,2964,421.7273954,0.443365473,33.548336,-112.23328,1250000AZ,Scottsdale,N Willowrain Ct,85258,3,3,1980,359.0858586,0.086088154,33.644096,-111.97004,710990AZ,Scottsdale,E Del Tornasol Dr,85258,3,2,1350,278.7333333,0.107323232,33.41149,-112.24976,376290AZ,Scottsdale,E Loma Ln,85258,4,2,2184,503.6630037,0.384389348,33.53485,-112.06393,1100000AZ,Scottsdale,N 114th Way,85259,2,2,1344,326.6369048,0.152915519,33.860703,-112.11204,439000AZ,Scottsdale,E Garden Dr,85260,3,2,1397,307.7308518,0.143503214,33.346054,-111.42779,429900AZ,Scottsdale,E Charter Oak Dr,85260,3,2,1008,193.452381,0.135146924,32.70818,-114.67869,195000AZ,Scottsdale,E Karen Dr,85260,3,2,1824,191.8859649,1.0638,33.326183,-112.48503,350000AZ,Scottsdale,E Cactus Rd,85260,3,2,1815,357.799449,0.125344353,33.301098,-111.69798,649406AZ,Scottsdale,E Redfield St,85260,5,3,2530,214.1067194,0.186524334,33.17347,-111.53075,541690AZ,Scottsdale,E Graythorn Dr,85262,4,3.5,2475,323.2282828,0.088636364,33.644024,-111.97072,799990AZ,Scottsdale,N 92nd Way,85262,3,2,1543,210.6286455,0.2,32.185616,-110.78412,325000AZ,Scottsdale,E Horned Owl Trl,85262,4,3,2699,220.4520193,0.185629017,33.204685,-111.57622,595000AZ,Scottsdale,N 72nd Pl,85266,4,2,2422,474.8142031,0.720385675,33.744865,-111.94593,1150000AZ,Scottsdale,N Pima Rd UNIT 19,85266,2,1,952,288.8655462,0.144605142,33.3988,-111.98287,275000AZ,Scottsdale,N Pima Rd UNIT 5,85266,3,2,2147,183.9776432,0.15312213,33.41096,-112.584816,395000AZ,Scottsdale,E Boulders Pkwy UNIT 47,85266,3,2,1166,394.5111492,0.210055096,34.94812,-111.64424,460000AZ,Fountain Hills,E Tumbleweed Dr,85268,3,4,3600,609.7222222,0.57,34.774876,-112.571976,2195000AZ,Fountain Hills,E Crystal Ridge Dr,85268,4,2,2312,298.0103806,0.223002755,33.32754,-111.90966,689000AZ,Fountain Hills,E Shadow Canyon Dr,85268,2,2,1791,206.588498,0.174471993,33.20482,-111.85343,370000AZ,Tempe,E Weber Dr #1018,85281,3,2,1668,248.8009592,0.134090909,33.61481,-112.3738,415000AZ,Tempe,E Fairmont Dr,85282,4,5,4887,838.9605075,2.44,32.468678,-110.973366,4100000AZ,Tempe,E Jeanine Dr,85284,3,3,2141,293.7879496,0.15,32.14853,-110.779144,629000AZ,Tempe,W Palomino Dr,85284,4,3,2208,185.2309783,0.12,31.949856,-110.97859,408990AZ,Tempe,W Myrna Ln,85284,3,3,3083,430.1005514,0.26,32.2404,-110.94056,1326000AZ,Gilbert,S Rochester Dr,85295,4,3,2494,295.5092221,0.32,32.22705,-110.8629,737000AZ,Gilbert,S Sailors Ct,85295,3,2,2450,277.1428571,0.165082645,33.212807,-111.84494,679000AZ,Gilbert,E John St,85295,5,4.5,3131,167.6748643,0.235169881,33.582794,-112.41495,524990AZ,Gilbert,E Jones St,85295,2,2,1066,280.4878049,0.14,32.309563,-111.024826,299000AZ,Gilbert,E Temple Ct,85296,4,3,2376,319.4444444,1.02,32.26519,-110.74705,759000AZ,Gilbert,E Longhorn Ct,85297,4,2,1922,221.1238293,1.68,32.936195,-109.8325,425000AZ,Gilbert,E Packard Dr,85298,4,3,2391,171.0539523,0.11,32.113514,-110.84715,408990AZ,Gilbert,S Joslyn Ln,85298,3,2,1353,317.7383592,0.22,34.505756,-114.3257,429900AZ,Glendale,N 64th Ave,85301,3,2,1940,340.1546392,0.137741047,33.310135,-111.61454,659900AZ,Glendale,N 48th Ave,85302,3,3,1980,469.1919192,0.178420569,33.80519,-111.8814,929000AZ,Glendale,W Belmont Ave,85303,5,4,2953,217.0640027,0.152089073,33.515106,-112.476715,640990AZ,Glendale,W Northview Ave,85303,4,3,2220,173.8783784,0.12,32.44519,-111.2174,386010AZ,Glendale,W Christy Dr,85304,4,3,2754,253.8126362,3.35,32.264977,-111.05839,699000AZ,Glendale,W Georgia Ave,85305,4,3.5,4018,223.7431558,0.947199265,33.16933,-111.59153,899000AZ,Glendale,W Missouri Ave,85305,3,2.5,2402,270.3605329,0.120293848,33.30279,-111.69819,649406AZ,Glendale,W Marshall Ave,85305,3,3,2543,283.1301612,0.16,32.386555,-110.94934,720000AZ,Glendale,N 51st Dr,85306,3,2,1509,304.8369781,0.174173554,33.34648,-111.5883,459999AZ,Glendale,W Acapulco Ln,85306,4,2,1626,255.2275523,0.11707989,33.684124,-112.13076,415000AZ,Glendale,W Dailey St,85306,4,2,2130,321.5962441,0.158402204,33.260075,-111.86379,685000AZ,Glendale,W Northview Ave,85307,4,2.5,2448,177.6960784,0.137741047,33.376064,-112.21879,435000AZ,Glendale,W Taro Ln,85308,3,2.5,1558,234.6116816,0.213911846,33.4117,-112.57735,365525AZ,Glendale,W Cielo Grande,85310,3,3,3954,214.9721801,0.5,32.381237,-110.96986,850000AZ,Glendale,W Paraiso Dr,85310,3,2,1232,254.6590909,0.12,31.949917,-110.97925,313740AZ,Glendale,W Jj Ranch Rd,85310,4,3,3006,272.1224218,10.01,34.61015,-113.86324,818000AZ,Buckeye,S 237th Dr,85326,3,2,1959,280.754977,0.157300275,33.4893,-112.10964,549999AZ,Buckeye,S Watermann Ln,85326,4,2,2073,224.3125904,0.229568411,33.635323,-112.16909,465000AZ,Buckeye,W Wedgewood Ave,85326,4,2,2243,289.7904592,0.172727273,33.330666,-111.79656,650000AZ,Buckeye,S Sexson Dr,85326,3,2,1274,278.6499215,0.121854913,33.15517,-111.564865,355000AZ,Buckeye,S Rainbow Valley Rd,85326,4,2,2372,217.1163575,0.212970615,33.438293,-112.4337,515000AZ,Cave Creek,E Victoria Dr,85331,4,2.5,1933,310.3983445,0.134343434,33.218533,-111.59865,600000AZ,Cave Creek,N Canyon Crossings Dr,85331,5,4,2793,252.1611171,0.172176309,33.30911,-111.59543,704286AZ,Cave Creek,N 63rd St,85331,3,2,2456,325.6921824,0.4,34.469967,-114.31498,799900AZ,Cave Creek,E Cave Creek Rd #1,85331,3,2,1793,209.1466815,4.59E-06,31.831587,-111.007355,375000AZ,Goodyear,W Elizabeth Ave,85338,4,3,2556,586.8544601,0.20479798,33.51394,-112.008224,1500000AZ,Goodyear,W Hadley St,85338,3,2,1597,219.0983093,0.14,32.12211,-110.85337,349900AZ,Laveen,W Odeum Ln,85339,3,2,1907,262.1394861,0.191000918,33.605396,-112.22048,499900AZ,Laveen,W Valencia Dr,85339,3,3,2086,572.8667306,0.129889807,33.79296,-111.91579,1195000AZ,Laveen,W Alta Mesa Ave,85339,4,3,2690,147.8513011,0.11,32.053276,-110.72601,397720AZ,Laveen,S 53rd Ln,85339,3,2,1683,314.3196673,0.252226814,33.333595,-111.7654,529000AZ,Laveen,S 49th Dr,85339,4,3,2686,316.4553239,0.349632691,33.707447,-112.15351,849999AZ,Laveen,W Harwell Rd,85339,4,3.5,3377,384.9570625,0.176767677,33.588863,-112.430115,1300000AZ,Litchfield Park,W Badgett Ln,85340,3,2.5,2128,317.1992481,0.166230487,33.65933,-112.17584,675000AZ,Litchfield Park,N 145th Dr,85340,3,2,1176,279.7619048,0.23,34.47282,-114.272125,329000AZ,Litchfield Park,W Earll Dr,85340,3,2,1691,189.2371378,0.132300275,33.071293,-112.05554,320000AZ,Litchfield Park,W Missouri Ave,85340,3,3,2300,301.7391304,0.263774105,33.684986,-112.33527,694000AZ,Litchfield Park,N Almanza Ln,85340,4,2,1797,233.9955481,0.126997245,33.557064,-112.420364,420490AZ,Litchfield Park,W Missouri Ave,85340,3,2,1883,265.5331917,0.45,34.425026,-110.58024,499999AZ,Peoria,W Puget Ave,85345,3,2,1712,283.1483645,0.114600551,33.313232,-111.94003,484750AZ,Peoria,W Brown St,85345,2,3,2264,220.8038869,0.27,32.386147,-111.15327,499900AZ,Peoria,W Manzanita Dr,85345,4,3,2384,162.9697987,0.11,32.05332,-110.726135,388520AZ,Peoria,W Butler Dr,85345,2,2,1716,276.8065268,0.163888889,33.341274,-111.98034,475000AZ,Peoria,N 94th Ln,85345,3,2,1884,230.8917197,0.15,32.352673,-111.103004,435000AZ,Sun City,W Pineaire Dr,85351,3,2,1820,244.5054945,0.174150597,33.62341,-112.17629,445000AZ,Sun City,W Arrowhead Dr,85351,4,3,2553,268.3117901,0.161799816,33.316326,-111.860634,685000AZ,Sun City,W El Dorado Dr,85351,3,2,1631,159.411404,0.174747475,31.52825,-110.28656,260000AZ,Sun City,W Desert Rock Dr,85351,3,2,1287,278.9432789,0.129843893,33.613213,-112.187164,359000AZ,Sun City,N 109th Ave,85351,2,1.75,1320,261.3636364,0.210284665,33.68597,-112.3519,345000AZ,Tolleson,S 101st Ln,85353,4,2.5,2582,231.9907049,0.233241506,33.5233,-112.35218,599000AZ,Waddell,N 182nd Dr,85355,4,3,2173,258.1638288,0.152089073,33.515106,-112.47689,560990AZ,Waddell,N Erin Ct,85355,3,2,1336,303.1437126,0.108172635,33.43991,-111.71786,405000AZ,Waddell,W El Caminito Dr,85355,4,2,1800,225,0.118801653,33.540485,-112.328026,405000AZ,Wellton,Sonora St,85356,3,2,1879,399.0952634,0.13989899,33.646973,-111.90558,749900AZ,Yuma,W 27th Pl,85364,4,2,1819,236.3930731,0.161593205,33.51581,-112.24314,429999AZ,Yuma,W Del Valle Dr,85364,6,4.5,5642,451.9673875,0.311065197,33.533497,-112.07042,2550000AZ,Yuma,S Mojave Ln,85364,3,2,1258,245.6279809,0.156152433,33.154575,-111.44382,309000AZ,Yuma,W 5th St,85364,3,2,1943,285.6407617,0.251193756,33.553116,-112.07101,555000AZ,Yuma,W 10th Ln,85364,3,2.5,2962,280.1823093,0.220959596,33.47751,-112.40888,829900AZ,Yuma,E 27th St,85365,4,2,1248,288.4615385,0.158907254,33.477013,-112.132416,360000AZ,Yuma,E 54th Dr,85367,3,1,900,248.8888889,0.12,32.20102,-110.91127,224000AZ,Yuma,E 51st St,85367,3,2,1600,224.76875,0.11,32.053257,-110.72456,359630AZ,Sun City,W Ponderosa Cir,85373,3,2,1600,210.3375,0.11,32.053356,-110.72548,336540AZ,Pine Knoll Shores,W Jessie Ln,85373,2,2,1240,282.016129,0.14033517,33.399353,-111.73119,349700AZ,Sun City,W Marco Polo Rd,85373,6,5.5,6589,682.9564426,0.808631772,33.597435,-111.86178,4500000AZ,Surprise,W Davis Rd,85374,5,3,2941,224.3794628,0.281404959,33.340088,-111.774216,659900AZ,Surprise,W Pinehurst Ln,85374,3,2,1800,297.2222222,0.132231405,33.76205,-112.35596,535000AZ,Surprise,W Rimrock St,85374,2,1,670,373.1343284,0.20087236,33.495827,-112.05465,250000AZ,Sun City West,W Prospect Dr,85375,2,1,852,293.42723,0.20087236,33.49568,-112.05464,250000AZ,Sun City West,W Gable Hill Dr,85375,4,4.5,3502,569.6744717,0.100275482,33.83253,-111.939926,1995000AZ,Sun City West,N Pedregosa Dr,85375,4,3.5,3433,348.0920478,0.407024793,33.48892,-111.68001,1195000AZ,Sun City West,N Cheyenne Dr,85375,4,2,2072,234.0733591,0.161157025,33.57659,-112.24554,485000AZ,Sun City West,N Arrellaga Dr,85375,5,3.5,3458,274.7252747,0.347405877,33.249546,-111.863045,950000AZ,Sun City West,N Palm Desert Dr,85375,4,2,1624,237.0689655,0.183654729,32.653137,-114.16967,385000AZ,Sun City West,W Beardsley Rd,85375,3,2,1230,226.8292683,0.18,32.197136,-110.89895,279000AZ,Surprise,N Nash St,85378,3,2,1593,237.915882,0.14,32.24897,-110.91638,379000AZ,Surprise,W Riviera Dr,85379,2,2,1665,252.1921922,0.195890725,33.375645,-111.88148,419900AZ,Surprise,W Acapulco Ln,85379,3,2,1216,341.2820724,0.138888889,33.5534,-112.24971,414999AZ,Surprise,W Gelding Dr,85379,2,2,1476,182.2493225,0.16,31.842342,-110.99371,269000AZ,Surprise,W Cortez St,85379,2,2,1214,242.7100494,1.08,31.988941,-110.71631,294650AZ,Peoria,N 75th Dr,85381,3,2,1460,236.5958904,0.11,32.052856,-110.72562,345430AZ,Peoria,W Paradise Ln,85382,3,2,1752,342.4086758,0.21,34.532276,-114.359856,599900AZ,Peoria,N 89th Dr,85382,3,2,1580,332.2151899,0.18,34.625706,-112.344055,524900AZ,Peoria,W Yukon Dr,85382,3,2,2152,206.7843866,0.232323232,33.609947,-112.25787,445000AZ,Peoria,N 70th Ave,85383,3,2,2102,373.1588963,0.137741047,33.781273,-112.34385,784380AZ,Peoria,W Foothill Dr,85383,4,2,1784,210.2017937,0.191023875,33.487907,-112.713806,375000AZ,Peoria,N 137th Ave,85383,4,2,2568,272.1962617,1.22E-05,32.17472,-110.77079,699000AZ,Peoria,W Horsetail Trl,85383,3,2,1460,239.1369863,0.11,32.053288,-110.724815,349140AZ,Peoria,W Red Range Way,85383,4,2,1311,49.58047292,2.35,35.050457,-114.22941,65000AZ,Peoria,N 82nd Ave,85383,2,1,822,302.3114355,0.17,32.19166,-110.959854,248500AZ,Surprise,W Buckskin Trl,85387,4,2,2007,201.793722,0.23,32.20015,-110.80372,405000AZ,Surprise,W Buckskin Trl,85387,4,2.5,3057,310.7621851,0.125642792,33.683594,-112.00233,950000AZ,Surprise,W Smoketree Dr,85387,3,2,1432,192.0391061,0.17,32.2959,-110.98946,275000AZ,Surprise,W Gray Fox Trl,85387,3,2,1664,151.6826923,0.38,34.09769,-109.284294,252400AZ,Surprise,N 170th Ave,85387,4,4.5,4397,635.6606777,1.7491,33.752995,-111.86385,2795000AZ,Surprise,W Christy Dr,85388,3,2,1719,218.1500873,0.166781451,32.71851,-114.66653,375000AZ,Surprise,N San Clemente St,85388,3,2,1366,270.7906296,0.56,31.989813,-110.72024,369900AZ,Surprise,W Larkspur Dr,85388,4,2,1749,313.8936535,0.19,34.5411,-112.50213,549000AZ,Avondale,W Roma Ave,85392,4,3,1886,302.2269353,0.657001837,34.947697,-111.62675,570000AZ,Avondale,N 104th Ave,85392,3,2,1924,330.04158,0.156588613,33.31845,-111.91335,635000AZ,Avondale,W Dana Ln,85392,4,2.5,3163,300.3477711,0.596808999,33.453083,-111.80871,950000AZ,Goodyear,W Hillside St,85395,4,3,2910,181.7766323,0.13,32.051437,-110.6987,528970AZ,Goodyear,W Mackenzie Dr,85395,3,2,1674,226.9414576,0.186730946,33.583103,-112.29204,379900AZ,Goodyear,N 162nd Ln,85395,3,2,1612,330.3349876,0.143549128,33.654545,-112.01705,532500AZ,Buckeye,W Potter Dr,85396,3,3,2639,217.8855627,0.149311295,33.338425,-111.944275,575000AZ,Buckeye,W Meadowbrook Ave,85396,3,2,2035,436.1179361,0.113406795,33.573914,-111.906815,887500AZ,Buckeye,W Clarendon Ave,85396,3,3,1852,291.0367171,0.124081726,33.78479,-112.3452,539000AZ,Buckeye,W Whitton Ave,85396,3,2,1399,346.6761973,0.110606061,33.328182,-111.95805,485000AZ,Globe,S 1st St,85501,2,2,1000,380,0.077892562,33.301376,-111.93227,380000AZ,Globe,S 4th St,85501,4,2,2166,242.3822715,0.183838384,33.558388,-112.270485,525000AZ,Globe,E Halby Ct,85501,5,3.5,4184,191.1806883,0.402938476,33.171852,-111.56589,799900AZ,Payson,N Elk Horn Cir,85541,5,4.5,4695,233.2268371,0.224977043,33.297913,-111.85678,1095000AZ,Payson,W Country Ln,85541,3,2,1581,243.5167615,0.191896235,33.49676,-112.2361,385000AZ,Payson,E Scarlet Bugler Cir,85541,3,2,2375,213.2336842,0.13,32.051346,-110.698395,506430AZ,Pima,W Tinsley Pl,85543,3,2,1578,212.2230672,0.15,32.370472,-111.12723,334888AZ,Pine,N Az Highway 87,85544,3,2,1610,260.8695652,0.26,34.614204,-112.332794,420000AZ,Safford,W Yuma Cir,85546,2,4,2142,200.280112,2.33,34.907787,-112.46267,429000AZ,Elfrida,N Central Hwy,85610,4,2,1663,226.3980758,0.19302112,33.241695,-111.54476,376500AZ,Green Valley,N Abrego Dr,85614,3,2,1677,247.4657126,0.141345271,33.66289,-112.29783,415000AZ,Green Valley,N Royal Bell Dr,85614,2,2.5,1853,240.1511063,0.141161616,33.071968,-111.46045,445000AZ,Green Valley,S Santa Carla Dr,85614,5,3,2369,175.1794006,1.29,31.491327,-110.97177,415000AZ,Green Valley,N Crocodile Rock Dr,85614,3,2,1697,203.2999411,0.25,32.239235,-110.78594,345000AZ,Green Valley,E Canyon Crossing Dr,85614,3,2,1258,262.3203498,0.157575758,33.15211,-111.441315,329999AZ,Green Valley,N Avenida Tabica,85614,3,1.75,1700,231.7647059,0.212603306,33.631077,-112.28247,394000AZ,Mammoth,N Verdugo Pl,85618,3,1.75,1290,294.5728682,0.150298439,33.525673,-112.139015,379999AZ,Green Valley,S Corte De Febrero,85622,4,3.5,3478,301.8976423,0.57275023,33.573643,-112.02829,1050000AZ,Green Valley,S Calle Murrillo,85622,4,3,1632,202.2058824,0.07,32.141434,-110.76105,330000AZ,Sahuarita,S Via Del Trono,85629,4,2,1834,201.0577972,0.13,31.950169,-110.98003,368740AZ,Sahuarita,W Calle Tronco Seco,85629,2,2,1756,227.2209567,3.91,34.422115,-110.53491,399000AZ,Sahuarita,S Paseo La Daga,85629,2,2,1308,290.5198777,3.67,32.13399,-111.20221,380000AZ,Sahuarita,W Calle Vela Mayor,85629,3,1.75,1777,216.6010129,0.166804408,33.06088,-111.4542,384900AZ,Sahuarita,W Calle Vela Mayor,85629,3,2.5,1953,294.4137225,0.148071625,33.349304,-112.17958,574990AZ,Sierra Vista,W Martin Dr,85635,4,2,2343,157.503201,0.11,32.108303,-111.11222,369030AZ,Sierra Vista,Red Leaf Ln,85635,3,2,1616,246.9059406,0.2,34.644367,-112.434784,399000AZ,Sierra Vista,Iris Dr,85635,2,2,1105,393.6651584,0.112603306,33.294582,-111.810394,435000AZ,Vail,E Red Iron Trl,85641,3,2.5,1949,205.2283222,0.151538108,33.169292,-111.530846,399990AZ,Vail,S Jaffee Dr,85641,4,3,2694,147.4090572,0.1,32.108303,-111.11234,397120AZ,Vail,S Carte Blanche Ct,85641,3,2,1284,272.5077882,0.154132231,33.571808,-112.078575,349900AZ,Vail,E Caden Dr,85641,5,7,5245,476.6444233,0.807897153,33.464745,-111.741425,2500000AZ,Vail,E Caden Dr,85641,3,3,1956,319.5296524,0.4,34.55753,-112.26132,625000AZ,Vail,E Caden Dr,85641,4,2.5,2843,269.0467816,0.21664371,33.21979,-111.78625,764900AZ,Vail,E Caden Dr,85641,5,4,4246,352.0960904,0.340587695,33.29386,-112.07896,1495000AZ,Vail,N Alderwood Manor Dr,85641,4,3,2071,249.6330275,0.151515152,33.304337,-111.58551,516990AZ,Vail,E Caden Dr,85641,3,2,1776,211.7117117,0.14,32.08572,-110.83196,376000AZ,Vail,E Caden Dr,85641,3,2,1798,222.4694105,0.142998163,33.49274,-112.30405,400000AZ,Vail,E Andrada Rd,85641,3,2,1197,300.6683375,0.14469697,33.66842,-112.28316,359900AZ,Vail,S Golden Aspen Dr,85641,3,2.5,2768,157.1531792,0.137764004,33.23027,-111.55791,435000AZ,Vail,E Red Oaks Dr,85641,2,2,1440,381.9444444,0.088934803,33.50524,-111.913704,550000AZ,Rio Rico,Camino Oceano,85648,3,2,1450,210.3448276,0.2,32.210716,-110.85358,305000AZ,Rio Rico,Tonichi Ct,85648,4,2,2027,204.7360631,0.14,32.385654,-111.03344,415000AZ,Rio Rico,Camino Providencia,85648,3,3,2231,286.8668758,0.20087236,33.704247,-112.42452,640000AZ,Marana,N Boscombe Dr,85653,2,2,1460,291.0958904,0.165794307,33.402515,-111.82858,425000AZ,Marana,N Homestead Ln,85653,3,2,1548,271.3178295,0.14862259,33.49858,-112.278564,420000AZ,Marana,N Saguaro Bloom Way,85653,3,2,2085,249.4,0.15312213,33.58953,-112.4085,519999AZ,Marana,N Caravelle Pl,85653,4,2,1842,285.0162866,0.177134986,33.383347,-111.60703,525000AZ,Marana,W Folsom Point Dr,85658,3,2,1389,226.7818575,0.14,32.46253,-111.208015,315000AZ,Tucson,W Edgewater Dr,85704,3,2,1484,238.4770889,0.14,34.551823,-112.24045,353900AZ,Tucson,E Dover Stra,85706,4,2,2216,248.1949458,1.59,32.371574,-111.04041,550000AZ,Tucson,E Julian Wash Dr,85706,3,2,1533,362.035225,0.193801653,33.500015,-112.08898,555000AZ,Tucson,E Market St,85706,3,2,1653,251.0586812,0.115472911,33.23711,-111.54745,415000AZ,Tucson,E Fay Canyon Trl,85707,4,2,1815,181.261708,0.215243343,32.93468,-111.726364,328990AZ,Tucson,E 27th St,85710,3,2,1544,349.7409326,0.22,34.603252,-112.46197,540000AZ,Tucson,E Eli Dr,85710,3,2,1797,242.0701169,0.27,32.251106,-110.817116,435000AZ,Tucson,S Avenida Regulo,85710,3,2,1215,242.7983539,0.23,32.20035,-110.85089,295000AZ,Tucson,E Calle Silvosa,85711,4,3,2451,257.0379437,0.081588613,33.302326,-112.05652,630000AZ,Tucson,N Erin Ave,85711,3,2,1470,203.3945578,0.169926538,32.93468,-111.72661,298990AZ,Tucson,N Placita Mira,85711,6,5,5000,390,1.023989899,35.182693,-111.59361,1950000AZ,Tucson,E 31st St,85711,4,3.5,2889,224.9913465,0.137741047,33.517235,-112.252464,650000AZ,Tucson,E 4th St,85711,3,2,1683,284.9079026,0.142676768,33.25183,-111.58634,479500AZ,Tucson,E 25th St,85711,3,2,1602,358.9263421,0.165495868,33.395535,-111.93539,575000AZ,Tucson,E Sylvane St,85713,4,2,1632,349.2647059,0.197153352,33.62591,-112.03667,570000AZ,Tucson,E 37th St,85713,4,2,1741,183.222286,0.244605142,32.93475,-111.72613,318990AZ,Tucson,S Liberty Ave,85713,3,2.5,2216,297.833935,0.120523416,33.65602,-111.99803,660000AZ,Tucson,N Camino Seco,85715,4,3,2117,368.445914,0.3,34.456455,-114.26544,780000AZ,Tucson,N Arbor Cir,85715,3,2,1823,156.3357104,0.27,32.244297,-110.99288,285000AZ,Tucson,N Quesnel Loop,85715,3,3,2610,176.2452107,0.17,32.428017,-111.19951,460000AZ,Tucson,E Edison St,85716,3,2,1690,312.4260355,0.23,34.625076,-112.35472,528000AZ,Tucson,N Camino Katrina,85718,4,2,1741,183.7966686,0.164164371,32.93468,-111.72683,319990AZ,Tucson,N Camino Cardenal,85718,4,2,2270,307.9295154,2.197,33.32444,-112.46923,699000AZ,Tucson,N Campo Abierto,85718,3,2,1246,204.5746388,0.137741047,32.70762,-114.68164,254900AZ,Tucson,S Star Ave,85719,3,2,1573,286.0775588,0.25,34.648975,-112.33605,450000AZ,Tucson,E Adams St,85719,3,2,1564,252.5575448,0.22,32.230988,-110.8788,395000AZ,Tucson,N Sierra Vista Dr,85719,3,2,2387,257.6455802,0.29,34.7249,-111.95957,615000AZ,Tucson,E Watson Dr,85730,2,2,1556,262.8534704,0.15,34.73009,-111.971054,409000AZ,Tucson,E Boulderfield Dr,85730,4,2,1556,449.2287918,0.195408632,33.473236,-111.93533,699000AZ,Tucson,S Myrtis Pl,85730,3,2,1288,388.1909938,0.204706152,33.339348,-111.85015,499990AZ,Tucson,E Silver Beech Dr,85730,4,3.5,3601,513.7461816,0.256382002,33.512356,-112.05869,1850000AZ,Tucson,S Postvale Rd,85735,3,2,1869,120.11771,0.4,31.680025,-109.68759,224500AZ,Oro Valley,E Ram Canyon Dr,85737,4,4.5,4152,469.6531792,1.2503,33.222904,-111.81985,1950000AZ,Oro Valley,E Golden Sun Pl,85737,3,2.5,2324,208.6919105,0.237304867,33.058376,-112.02821,485000AZ,Saddlebrooke,E Rolling Hills Dr,85739,4,3.5,3022,314.3613501,0.229568411,33.25335,-111.60157,950000AZ,Saddlebrooke,S Terrace Park Dr,85739,3,2,1603,162.1958827,0.15,32.20426,-110.886444,260000AZ,Tucson,W Firebrook Rd,85741,2,2,1020,139.2156863,0.14,32.720356,-110.64304,142000AZ,Tucson,N Spanish Head Trl,85742,2,2,1678,217.5208582,0.17,31.872124,-111.009224,365000AZ,Tucson,W Lobo Rd,85742,3,2,1630,199.3865031,0.123943985,33.054462,-112.02219,325000AZ,Tucson,W Colony Park Dr,85743,2,2,1399,328.7348106,0.09,34.591385,-112.43743,459900AZ,Tucson,N Wildomar Dr,85743,3,2,1722,274.0998839,0.17,35.16456,-114.544556,472000AZ,Tucson,W Summer Sun Ln,85743,3,1,1008,217.7579365,1.73,31.459599,-111.012924,219500AZ,Tucson,W Paseo Del Barranco,85745,4,3,2384,157.2651007,0.1,32.108265,-111.112495,374920AZ,Tucson,W Quail Haven Cir,85745,3,2,1795,440.1114206,0.137741047,33.686546,-111.91505,790000AZ,Tucson,W Goret Rd,85745,3,2,1703,176.1597181,0.170661157,32.90007,-111.74962,300000AZ,Tucson,W Riverview Blvd,85745,4,3,2975,210.0840336,0.205119376,33.411774,-112.22991,625000AZ,Tucson,S Pin Oak Dr,85746,4,2.5,2183,356.8483738,0.127112029,33.475574,-111.68045,779000AZ,Tucson,E Pleasant Pasture Dr,85747,5,4,2570,163.8093385,0.11,32.113445,-110.84704,420990AZ,Tucson,E Glowing Sunset Dr,85747,3,4,3446,435.2872896,0.5,32.244022,-110.93982,1500000AZ,Tucson,S Galileo Ln,85747,5,4,3807,203.5723667,0.268778696,33.853497,-112.117836,775000AZ,Tucson,S Hawks Hollow Ct,85747,4,3,2963,312.1835977,0.295592287,33.613884,-111.97425,925000AZ,Tucson,E Fort Lowell Rd,85749,5,2.5,2446,296.4022895,0.2565427,33.237194,-111.72416,725000AZ,Tucson,E Quail Run Dr,85750,4,2.5,2868,313.8075314,1.2274,33.20326,-111.52209,900000AZ,Oro Valley,W Granite Gorge Dr,85755,3,2,2001,437.2813593,0.208264463,33.611584,-112.05643,875000AZ,Tucson,E Camino Naife,85756,4,3,2220,174.0225225,0.11,32.14311,-110.88917,386330AZ,Tucson,E Vuelta Tierra Blanca,85756,3,3,2247,155.7627948,0.17,35.040833,-114.597275,349999AZ,Tucson,E Sycamore Park Blvd,85756,3,2,1550,415.483871,1.0052,33.424007,-111.49687,644000AZ,Tucson,E Camino Naife,85756,3,2,1464,361.3387978,0.98,34.743324,-112.47291,529000AZ,Tucson,E Garden Stone Dr,85756,3,2,1465,290.0341297,0.166804408,33.543354,-112.22272,424900AZ,Tucson,S Portugal Cir,85757,3,3,2704,595.4142012,0.206887052,33.667107,-111.90132,1610000AZ,Tucson,W Jadewood Ln,85757,3,2,1802,219.2008879,0.113636364,33.380466,-112.174164,395000AZ,Tucson,W Jadewood Ln,85757,3,2,1195,188.2845188,0.19,34.86016,-114.60029,225000AZ,Tucson,W Jadewood Ln,85757,4,2,1223,241.1283729,0.13,32.182182,-110.84216,294900AZ,Show Low,Elk Haven Dr,85901,2,2,1578,215.4626109,0.234320478,32.878445,-111.67139,340000AZ,Show Low,S Pleasant View Dr,85901,4,2,1785,257.7030812,0.183516988,33.6298,-112.343704,460000AZ,Show Low,Lone Pine Dam Rd,85901,2,1,1196,167.1404682,0.11,33.394638,-110.7775,199900AZ,Eagar,E 7th Ln,85925,3,2,1414,236.9165488,0.21,32.175457,-110.82511,335000AZ,Heber,Aspen Ln,85928,2,1,872,143.3486239,0.04,33.391224,-110.78092,125000AZ,Overgaard,Aspen Rd,85933,3,2,1519,279.7886768,0.229407713,33.51612,-112.19648,424999AZ,Overgaard,Bigler Rd,85933,2,2,2581,284.7733437,0.132897153,33.554005,-111.92492,735000AZ,Flagstaff,W Pollo Cir,86001,5,3,2501,299.880048,0.230693297,33.367943,-111.67827,750000AZ,Flagstaff,E Lake Country Rd,86004,4,2,1772,225.1693002,0.139990817,33.148438,-111.56565,399000AZ,Flagstaff,Clubhouse Cir,86005,4,3.5,2905,266.7814114,0.232438017,33.24595,-111.53623,775000AZ,Munds Park,Grizzly Rdg,86017,3,2,2048,409.6679688,4,34.437637,-112.383835,839000AZ,Munds Park,S Acoma Pl,86017,3,2,1499,306.2041361,0.2,34.247395,-111.33836,459000AZ,Munds Park,E Cougar St,86017,2,3,2308,283.7521664,0.21,31.878683,-110.93474,654900AZ,Williams,Bellavista Loop,86046,4,2,1461,204.6543463,0.229935721,32.6785,-114.501884,299000AZ,Prescott,Bridgeway Cir,86301,5,3.5,4123,606.330342,0.84164371,33.613216,-111.903656,2499900AZ,Prescott,Kwana Ct,86301,3,2,1698,294.4051826,0.141827365,33.36823,-111.47279,499900AZ,Prescott,Kwana Ct,86301,4,3,2168,304.4280443,0.183034894,33.61667,-111.94525,660000AZ,Prescott,Meadowbrook Rd,86303,3,2,1826,369.66046,0.13,32.314922,-110.91956,675000AZ,Prescott,E Rockefeller Trl,86303,3,2,1114,255.8348294,0.17,32.14429,-110.90337,285000AZ,Prescott,E Saguaro Dr,86303,4,3,2515,228.6282306,0.219306703,33.05196,-112.02133,575000AZ,Prescott,Long Br W,86303,5,2.5,2993,157.0330772,0.128948577,33.047302,-112.02389,470000AZ,Prescott,N Silent Moon Ln,86305,3,2,1667,191.9616077,0.26,32.15025,-111.00264,320000AZ,Prescott,Bear Dr,86305,3,2,1215,148.1481481,0.17,32.816208,-109.721275,180000AZ,Prescott,Sunflower Dr,86305,4,4,2593,376.0123409,4.02,34.653244,-112.34833,975000AZ,Prescott Valley,N Robert Rd,86314,3,2,1284,248.8317757,0.1,32.112144,-110.855545,319500AZ,Prescott Valley,E Kilkenny Pl,86314,4,3,2239,131.7105851,0.24,35.118996,-114.58014,294900AZ,Prescott Valley,N Treasure Cir,86314,3,2,1443,190.5751906,0.27,35.38631,-113.853615,275000AZ,Prescott Valley,N Hudson Ct,86314,2,1,1020,342.1568627,2.13,34.423332,-112.41901,349000AZ,Prescott Valley,Summit Vis,86315,5,4,3104,209.4072165,0.94,35.175545,-114.510056,650000AZ,Prescott Valley,N Copperfield Pkwy,86315,3,2,1080,350.9259259,0.147796143,33.421886,-111.87217,379000AZ,Chino Valley,Caliche Dr,86323,2,2,1837,293.4131737,0.165656566,33.687714,-112.334404,539000AZ,Cornville,S Rising View Ct,86325,4,4,3418,201.87244,1,35.20583,-114.16934,690000AZ,Cornville,E Cedar Creek Dr,86325,3,2,1869,214.0181915,0.13902663,33.073925,-112.03296,400000AZ,Cottonwood,S Happy Trl,86326,2,3,1943,231.6006176,0.164738292,33.211487,-111.86079,450000AZ,Cottonwood,S Gray Bar Dr,86326,3,2,1502,219.7070573,0.14,35.264065,-113.97277,330000AZ,Cottonwood,N Rio Verde Cir,86326,3,3,2946,308.5539715,0.32,34.259632,-111.286896,909000AZ,Dewey,N Diaz St,86327,5,2.5,2121,289.9575672,0.275482094,33.66616,-112.04957,615000AZ,Dewey,N Stirrup High Dr W,86327,4,2.5,1824,219.2982456,0.15355831,33.38753,-112.16405,400000AZ,Dewey,E Delgado St,86327,4,3,2539,374.1630563,0.442653811,33.702465,-112.23485,950000AZ,Paulden,N State Highway 89,86334,4,2,1909,189.6280775,1.0695,35.213837,-114.26166,362000AZ,Sedona,El Camino Rd,86336,3,2,1593,185.1851852,0.144237833,35.273354,-114.01941,295000AZ,Kingman,N Stampede Rd,86401,3,2.5,2530,223.3201581,0.227272727,33.678406,-112.3423,565000AZ,Lake Havasu City,Biscayne Ln,86403,3,2,2050,304.8780488,0.157598714,33.303688,-112.08138,625000AZ,Lake Havasu City,San Juan Dr,86403,3,2,1836,272.2766885,0.167722681,33.598915,-112.43622,499900AZ,Lake Havasu City,Fountain Palm Dr,86404,2,2,1425,256.1403509,0.158402204,33.66647,-112.3419,365000AZ,Lake Havasu City,Jacob Row,86404,4,3,2448,230.8006536,0.426331497,33.375404,-112.203125,565000AZ,Lake Havasu City,McCulloch Blvd S,86406,5,3.5,3758,223.5231506,0.229568411,33.24371,-111.72314,840000AZ,Lake Havasu City,/3225 Silver Bell Dr,86406,3,3,2782,233.6448598,0.21,32.53392,-110.89107,650000AZ,Lake Havasu City,Palmer Dr,86406,3,2,1928,445.5394191,0.39,34.52375,-112.470856,859000AZ,Lake Havasu City,Green Pl,86406,5,4,3031,362.9165292,0.38,34.453472,-114.293884,1100000AZ,Lake Havasu City,Clearwater Dr,86406,4,2,1586,176.481715,0.2,32.179726,-110.97345,279900AZ,Lake Havasu City,Monterey Dr,86406,3,2,1483,228.5906945,0.12,31.904882,-110.980385,339000AZ,Lake Havasu City,Sturgeon Dr,86406,5,4,2996,667.5567423,1.04,34.85918,-111.81261,2000000AZ,Kingman,E Colina Vis,86409,3,2,1497,500.9352037,0.163108356,33.465046,-112.08886,749900AZ,Golden Valley,Copperville Rd,86413,2,2,1360,275.7352941,0.13510101,33.461464,-111.69934,375000AZ,Golden Valley,S Houck Rd,86413,3,2.5,2254,203.6379769,0.167791552,33.575573,-112.29407,459000AZ,Golden Valley,W Shipp Dr,86413,2,2,1522,249.6714849,0.134205693,33.57575,-112.26289,380000AZ,Golden Valley,W Rosario Ct,86413,2,2,1107,289.0695574,0.046120294,33.606922,-112.11309,320000AZ,Bullhead City,Kingman Dr,86429,3,2,1320,359.8484848,0.159527089,33.565758,-112.053185,475000AZ,Bullhead City,La Puerta Rd,86429,4,3.5,4655,730.3974221,1.0549,33.52482,-112.00726,3400000AZ,Yucca,S Cheyenne Rd,86438,3,2.5,3009,448.6540379,0.356496786,33.54293,-112.03101,1350000AZ,Mohave Valley,S Jamaica Dr,86440,3,2,2290,340.6113537,0.204522498,33.593613,-112.000404,780000AZ,Bullhead City,El Campo,86442,3,2,2124,423.6817326,0.817929293,33.587444,-111.943825,899900AZ,Bullhead City,Arcadia Blvd,86442,5,3.5,3685,677.0691995,1.0321,33.573795,-111.95091,2495000